__,6995e4b0-020e-35de-a578-b73257f7dfb1
qingyeah0115,6812753b-b45a-3cfe-96ce-af51e5b89b2e
rqjqaq,61092fdd-00b2-334f-a0ea-aec4a450a535
maggieqwq,4826f870-d49b-325e-98f4-5416561da72f
91mxs,978e5a3f-1869-35a0-8899-6d72d3bfdc62
limeqwq,6fd005f2-d973-33c1-b1a8-2356d4b49b35
pumpkin4stick,fb6aeaec-c274-36fe-9298-3c5698c564e5
vabers,a7674954-3c62-3dcc-b42a-37773de1ee92
iclime_,19022285-47ec-3ec3-9c49-b92f80d830f0
0hgay,b8ea3e7b-2867-3a45-81c2-dd60a828d8eb
233,7d73dac8-3724-39ef-9c26-d209d09a9c00
lime__,3c1fde96-baea-323f-ae3d-d51712426e74
ocean,336ac1f3-bafb-3cf5-ba6d-bfe84d3f83dc
rqj_job,de8bbde2-a62d-3a0e-99e7-24d2946a9309
2333333,50278f49-1958-37b6-9ce1-b415d492494b
rabbit,c80b0463-c0d9-326d-8a1c-53ee7d88578e
jzgskjmw,7a2fab84-1c71-31ad-8244-ddf488244b41
iclime,75d8fe50-32cb-32e4-a1f0-dfd852f2c714
